id,article,split,gold8,old_admitted,new_admitted,old_gold_admitted,new_gold_admitted
bf3d802d-87df-4857-859e-947390e934ea,e27ee4ed5e86924f3868b2ab30f1c178184038758864f8be82fb8bfca82d0381,test,False,False,False,False,False
e7b3eff4-8739-4284-9ce2-7a942cd4acd6,1397577c282dc82d06b6e3f34d3275678557b92895fa7798beae43cf36f235c7,test,True,False,True,False,True
8bb89500-965b-476d-b5e0-ca1b3b103370,4d5e1fff5ec4b2749c98407136e4955260276f3c2ae385fee80292a6c3b1d422,test,False,False,True,False,False
42c17df3-ff57-47a3-add4-51f2a8e0d273,01c8147e68e6b0b96e74353da6107816533125a92b370387fde77db24c030d0f,test,True,False,True,False,True
d1ee8502-0fae-4773-8c8e-703b38b7e7a0,f85cfe0948a6f276fa95002f7656082a97670a0b22b4ef22d37a1cdf967a23f2,test,True,False,True,False,True
2a112f13-6cf0-4018-a8d4-eebc89ba0515,5ed0f9f096d32a1d3288406fcd786adb9877078b594008d057196c1bde5e081f,test,True,False,True,False,True
9c8e0f5f-3700-4bee-8442-2cf7582d7adc,e744b582d69e1c3b7fc3129a71c478752864065e83b82278c75827d8da0fab87,test,True,True,True,True,True
76ec2048-5677-4e43-a76f-6b60eb6d750f,bad6aba9bd5807d2fbdb46e130dd9dafe8b7a389766cbea1f1349c00b1cdb591,test,True,True,True,True,True
d1ed6692-c8d9-4782-aef8-30cc475f76c1,f4e466286c4b623967949d64d531b1697fdd3fe010bf682c6d707f0d7c49b13c,test,True,False,True,False,True
a0c9f108-800a-490e-b973-0e0932b00265,ac20af068ffdf7731d8c82d7a40c372a30382b690a3237d8306e7b75526ef886,test,True,False,True,False,True
516fd893-4fc7-4615-bec2-1f0ce1afa953,c0bb859a3c42fa93336b6e766443520238d6cf03611363d9e83e0104df159129,test,True,True,True,True,True
923663b5-0eb8-439c-bc9e-dd75de9fb37b,2a23a1187c44eb867479a2df69c8bc946fc2865890a608e7845c4d8801c4cd6a,test,True,False,True,False,True
73731c08-8f58-4871-a9af-c23f2bfcc4f0,ef2cce107b1def0b49d862465ce41f699b4c5d2e045865da42955e7a159bddef,test,True,False,True,False,True
2d416b0e-5454-4c0b-a3fa-184ee4a197a1,48e7bd9335e02e1f53bd08231c2e7f2665a5c788249a5170a7cbf3b5e7229bf5,test,True,False,True,False,True
5e282b6c-5249-41d5-8c90-7a280cfd66bb,684176b58bc762f64be76cf7a61576503853b7f3d5efe2d2028c1910fb9d966f,test,True,False,True,False,True
1c8695a2-b397-4a77-97d9-a0f498a51620,5c3804aa89f63b2a751fd52da471e16560bd748f80493c47a3668c1a2bad2faa,test,True,False,True,False,True
06d686cc-2f39-4dae-8022-33b8808b62e5,c99be154998dbbeb1820ecccfe61df1dffa8c5d3e868b89ddef88085675c4f7a,test,True,True,True,True,True
0ee95445-c34c-433d-b1a2-276070d4c674,dc0209264f67066fd628cdf60f11969a54e15c8282f6871f8a07e8f662c6f180,test,True,False,True,False,True
0e590d9a-13b4-472b-9243-ad5ca5c255ed,23eb1e897c291a9003cbcbeb1679666d2ab80239cf0d816004c1c916bff56bb0,test,True,False,True,False,True
75bf7bca-0184-41bd-b03e-1136e6006345,a4c0227b10150d78416a07a090509e4211dd07b5bb4f7ae945725cc4815c2c15,test,True,False,True,False,True
ab1d3d0f-dc28-4026-b784-a2a26f982862,bbebbbdf21e7013f3b19dd51df31a09d3e593116a1ff057f5c5d6fec1eb12f39,test,True,True,True,True,True
4fd7769c-ff0b-441b-b1c8-e9c6946543b9,40b0a7458aeed3fb2efe8798e226066daa7f045ec4f8f21aaebe3af2c0b5a494,test,True,False,True,False,True
c5bce8b7-0e1c-4d6a-be8d-6228114dd06d,795ad7399eb7eec4ccdfd5809797b5be5dbddc642a95bdf057fef543ee18c98f,test,True,False,True,False,True
58e72dc4-5c2a-444d-9d45-3db47f74b087,942ad1c9159d522808751a379489f83c5565fa43b6858e1884ef883ff6625f65,test,True,False,True,False,True
9175d422-a57d-4d7b-ac2d-0b9abb944631,d8b862d5ff5cbad91f0c2d7211134d604f48ab94a702eb608930acd2b3659a00,test,True,True,True,True,True
e7c8706e-9a5b-4827-b0a1-978e58c26442,044aeab95ea35628cbba7d7ff39b9745a06d4e5c7df062b5bdf7615c7a937084,test,True,False,True,False,True
e8e7298e-ed16-403a-b302-cee493dbb1e8,42cce0988f8dea7cf776691adab0fdb6c373ca8b2892a2981e8c58e47d6ec565,test,True,False,True,False,True
ca7c8e85-1dec-4595-b62c-0c1f71963256,e92ded293079457c36b0db2a73b4f337432b44b30f7bb489753843701ae62b60,test,True,False,True,False,True
976a858b-8252-484c-a33f-b3b9296771a5,b40a25e38b045f3214a458222948a4f28db949e38c15507bdf3ec8788276dd08,test,True,False,True,False,True
fa54922b-3193-4d52-9b00-ca0073ad1d0d,8a41508a2295ee8d8ffebb23601bb2ddf49efebb6353ec7a471d40f0823aabed,test,False,False,True,False,False
7208ca12-8b7c-44e6-bb31-9ccadb5fcd97,a066e5a85a55fea0601907357ebeca6c0bb2253c732c086e724222453c0bdf8c,test,True,True,True,True,True
7ea2193b-5f34-4745-baff-89381874d4d9,a5b91dd886540e8af6f1d5bf38b379bbcdeb8cc0b357dd7cb9dbf8148bdfe002,test,True,False,True,False,True
fa911498-5c50-420e-984a-a87504ff7fc0,138ec59320432db47fe6dcffb417c7bbd0822c05679b6a9f962306023cb3eb33,test,True,False,True,False,True
f4b4e32e-01f0-4358-a19a-1530507d6611,501aac9a89e3fa5d8b2aaa6267a027f8eaf3a68ef124e311b3edb42e606d14f9,test,True,False,True,False,True
91980959-3276-4802-9343-5db3243746d8,33a83dfcff02a83e9475b75df58edb501289fe50850cc8a5fc208f30d7846889,test,True,False,True,False,True
322ea93b-99e4-4251-bc99-c83b1199f196,3e174da7b97a679f9a0dd596f6075f3f0165144cb7de0f4600803d6117c8b015,test,True,False,True,False,True
18eec3c8-0eca-474a-8768-f7c1b39c9923,b107383c118b8f6f28566bbc17559167c6266a568df90c47fe9367668a45f28b,test,True,False,True,False,True
9ec5704c-dbcb-4628-81d1-5711dda27b22,92fff136c3ba15dea989d89f687739373aaae56df2fda285a64522b020e64560,test,True,False,True,False,True
145922f3-581e-4be2-8b91-d69fa73462e4,519d941968885d5237bc262095a844f3258f1758cebbacf46365ac18f9ef308f,test,True,True,True,True,True
e3c02643-e832-48f9-bbd1-6c21f4cd8e5d,796b4dcf8b545a357510136e1dc674bab7b24182773d069cc498169041e0c0c2,test,True,False,False,False,False
2ca9fb29-1902-49b9-9bd3-7aac98d6ae3b,bd6487fc8be61a0c182ec036510f6fa3644156baa2aafaa4c03d22b08ea201ec,test,True,False,True,False,True
8185df76-93fc-4dc6-8839-ab3d9c066b3a,ba84108bacfcaf4ba3a5e8fd60c217b737ff14f061487f24f7a5ffbaceeca0ba,test,True,True,True,True,True
2c121ec9-3c66-4e98-9a45-fdea12cce8ff,4c5bae61534004a463928e9bc3e28967e5e5c1bfe67c91f972a3873be15798b5,test,True,False,True,False,True
f39f3d08-d4e3-4290-988f-cf22dbd9299f,a46d502aad481a96e64b4fda92c63d7ae4f8787eab69a3d87c8e4287e7cd20b2,test,True,False,True,False,True
51f67061-7360-46b0-ac61-3a4d75ea1c2c,e0e16d163a60cbcd59a3a48deb2c9c12e095954529df1f47153faf813bdb3820,test,True,False,True,False,True
4c77ac30-7798-4687-8f3d-1e891d76cf7c,4e2d882a4d8205aaa8a534ab8d3700f40e0d2a3b89a3d040c775527f55f5365d,test,True,False,True,False,True
cfa0500e-4549-470d-b30d-31371bdc4e5b,9dc3446e656ee765ed2ab0a397f7557a095b590bf345701df068baaf00fa6308,test,True,True,True,True,True
bf4f7a4a-0fe0-4e57-a3be-5c6e4b33fc67,5b7f2121a165441642bff9e4e2131f2459cee1afed20daa2ab7b02375014ceb9,test,False,False,False,False,False
8d6a694b-9b4c-4521-bc86-421034a5beae,f03b85dc59672629b564f267ac9628b1bce8b39bfd0d3e0daa4cb8eade55a8a1,test,True,True,True,True,True
1e28fead-ca40-4534-8cf6-ddd71a5a98ed,dcba6bd2d173346c74b74aaa3088e83c94a0ce9c82ec0caf67aa9e16d7e3c9e4,test,True,True,True,True,True
bf1ba1f1-a427-4113-a5ed-183b216d4152,3927b7d4e59463f4b8ea0eade3aaa8bb7505235595096e94787a7fe7de56c004,test,True,True,True,True,True
66201599-9993-4683-8227-4ad910a6f2da,b0289babb1a4bf5e5979c7d0d59aaa9a3a4d45d1db36c203e28aa9e932b7e1f7,test,True,True,True,True,True
b1541e1f-54ba-47e9-9138-5ec24dcda5f7,feff4ef13c6312b057b10fa9a308e8fc3823e7e8651c882fed0e29284a344b0d,test,True,False,True,False,True
2e62520c-59f5-4b26-b23f-0b936c697370,ba8d21809707592453393c7a1e9018112201c9cccf63c01927b1b3df0918b97e,test,False,False,True,False,False
b08a55a4-aeff-451a-873b-a7278e956437,21c0c3c8bf1d29096be84824d514a708949546393a43189a7102c51924fccba4,test,True,False,True,False,True
0631cb63-574b-4fdd-acf8-07ea3d29de8b,c785801ab4288905e918f97b73ebbcb3797871331d77b6b081839dc5b6953650,test,True,False,True,False,True
22d9441c-1d54-48a7-ac0f-d0a76b40d30d,f8003a9aa7defa7f9aaf7d79dce67028b6e1680a1989804b69c6165bcccec6fc,test,True,False,True,False,True
74b63bb5-0d91-4ad5-b3ae-b5a77d00b863,826141a100a94d3b10ce5b3a084dd20b212a0ce97ffac962b8345b196a37e1d7,test,True,True,True,True,True
25a74369-a941-4655-ac6c-378dfa2e6df0,0aac1dea57e9c551e9bd657d4a2246bf8b5f08aaf9da8c1c35d27ee1deae0981,test,True,False,True,False,True
b02d2c88-3238-4d98-aacc-732f5d6e620d,6895f25f0c81d164a904c2286e7da786cc573098f008a55adecefe6f45927939,test,True,True,True,True,True
9bf8d2b6-65fa-4def-82b6-5332b2fbb749,1f495096dd0e44e59e7fd5fc407025bb85e0e2e590301cdfe43db99726178202,test,True,False,True,False,True
375da486-f3b8-4a59-80ea-c1c5a4599ac8,ee6097210505583db10249142fc5f0b3befe6f2da907e1d82ce7526e0777835c,test,True,False,False,False,False
a3c5472e-751c-490a-a6a3-a5af4ef3b9ba,8a48cb75ae454ce10c6c50f27960eff5ad4549edd27a14acede7197ea3980dae,test,False,False,False,False,False
9cc9f672-a634-4958-a028-a7d329e72c11,78647d1f0932904b4e7b442bbfecbf93ff0598d09192c6b4cedfafc41ee18412,test,False,False,False,False,False
85c74ee3-e842-4922-ba5d-2163fee3bcc7,8d786a3062a9af0b4b3c462848aa5b4a3964feeda827f07900a87ea9ed8dc30c,test,True,False,True,False,True
8d8a7b42-eb02-4ced-9942-d89d5bb2050d,0b4546e0dfc3b0a35bebf40d33a387eea8cb5d1586e5a34b046ba809245b1d22,test,True,False,True,False,True
1f443c17-b83b-4c37-ba8b-9ab4ef7a54d2,7bc15e249b1baf4aa888e702cae3367f2d7ad095153e70ffbabceaedf2399767,test,True,True,True,True,True
565e437c-c8fe-4117-bc53-edea7f9fb69e,8d8a8a8a13f7160a4eae09986ec06739731e276ae56ac08b2b15f99473bc92ef,test,False,True,True,False,False
5eee7572-7154-4300-a7ab-0e1b13158669,9f57bdf920f63926da9241371f0fa3b54c2a6d883662c7373689c734fbe7a5e2,test,True,True,True,True,True
18c72452-aee4-40ae-a3ff-b8ef859d82bb,d70ad1d0ec5493a4df3780eb8a07bc5527305d5912c5efa715397b94f9012919,test,True,False,True,False,True
bc196421-08bb-4a95-831d-d857d68f18a7,a13a04c437a6dd51f6c57d977270df3cbaaebb6a3b30c8600f3d7fffae8f77ac,test,True,True,True,True,True
b843c4cd-37ce-4202-9f00-53c080b586c4,c4af2c08a48d5c6a2c654f40582d6197d8d63e74477f18ba11bb20ae25883c98,test,True,False,True,False,True
e6a79a7e-842a-4b6b-af45-4d2fbab6f4bd,02b23ac02f0dd7a079e6e9b5fcde5d5863a2643c86bb17af3e1adb6d3eb26bb1,test,True,False,True,False,True
4649b721-263f-4c41-9475-de81bf2be6ea,4cbb76fb9577116487cdcf41b359fc0d405780095c61668eb752e8dcf33e5a22,test,True,False,True,False,True
a4563a68-49ed-47d3-a212-73a60928eb3d,7387ae37c7c17dbe90826b9eb48cee5b0c050902ce3780ef6dde9945d6b8de8e,test,True,False,True,False,True
bbec05e9-2b92-4117-987f-2486976a69b1,696cc94b151b6f6168a0cfa2c1e5d2ce3c71e22eace15ac8e81311710996032a,test,True,False,False,False,False
83adb0f1-c360-4b18-83c5-935635ba0825,73b2ac946017effb0e86b28e0243d58ad3245e0a6456822df4ee050e9d151376,test,True,False,True,False,True
9816172d-ad6c-459c-83d7-b40c3798e460,0605d398c176267291fd38cc92e5e2631da7e1491f5469ee600f0108fa747377,test,True,False,True,False,True
fd863f2a-8f5e-419f-980d-496b10f13437,35ed2fe88ab31fae67814d9642dd123d6dbef1f38b0c3c8d20e537e3c209fac1,test,False,False,True,False,False
0ef311d3-5b98-4c00-8482-3de87aed8604,947817b2776dff62161aaeddf527dda4aedff7890278c6cce948e85a5180c72e,test,True,False,True,False,True
6eaa6b35-8f65-4af9-a2ec-4502a1cfccc8,dab7579b2c440c6dc7e516114799cb5ec6e9166a61f06438fd444057b9fe8975,test,True,False,True,False,True
6f95cb32-dc45-448d-855e-3eee52be4aa1,8706f1ae4f1c1a32fba4a00b4711ea634a28fef434fdfdff27331b99337aa11d,test,True,False,True,False,True
9d0ecd31-ea66-45ae-9162-91ea089c8b46,dbd58e676013634cf94e53ee88063292ae5f1b5783ea8e5404881efcba31f769,test,True,True,True,True,True
49617e5d-4e96-4508-a5a9-3f437361476f,d88eff7cf78637d171a00d226e8ec54f4d39e09fa1146d92fb49513e1d01f547,test,True,False,True,False,True
c3efb7b9-cb96-4130-9ca7-0e41eb0615f6,ef022d7b7b78945c7cbf193a16feb820ccd747cb98e419eaba8c1363a79de6eb,test,True,False,True,False,True
0779c84f-f77f-4efb-b961-ad8711458bae,79970413a7fc6e02d33152dccb300cdf3ff5f8b9a428c520869149e6c7d87d6f,test,False,False,False,False,False
36d19e1f-3956-406a-b660-6b91f155603e,e91541370c3dc23c7e2fbdd57ec7eab793f43d8292839b0249cf4d280709ec2d,test,True,True,True,True,True
55665ccb-a79c-4022-8f06-c0a9ab4eaa31,b0218fa4d24fe231532a7b050d7ac6ce39fdffb76adc45c170814c1b98f4d8a9,test,True,False,True,False,True
455acbd4-a9f5-437c-9452-ac63cd6bd8ff,776c780566e7cae6e7d058ef5adcf485c1ad451735243a6bd38908ee51123e52,test,True,False,True,False,True
4b9116d7-1c35-4704-9ecd-355ddb440895,56d34a63154d81ed0030ce50eff03b4c07e9b114379de34268ebcd9c6e5fd5fa,test,True,False,True,False,True
07d8dc23-edd1-46e6-8ea5-0bb93030df82,c1345ccd8e16772508815005d539499af38d90fda104e7db43e1a70ca6323894,test,True,True,True,True,True
cc4fa557-e98f-44cd-814f-81c6457955d9,e6c057c30182533302c73c4a2cfb87e71c21d79670aa62c9aa9df6327763dc8b,test,True,True,True,True,True
bb26638a-6bac-463e-b787-c27de51dfaea,40f898002e304bb779dfdb68c4cf9cdd6c2b115b0f67eb5057e2995f7d0568f0,test,True,False,True,False,True
6c60ff6d-90e6-4eed-a00b-89672745e778,8e16193696d3c457705fc56507daac1e770072f3cf96913ae19d2afca210611d,test,True,False,True,False,True
8c5ab52a-3306-4389-ab5c-b5a394fbf77b,dda3253e178beeaa26af63d10a0ad7d3ff849efed9e3944927a0bf10dd9db29c,test,True,True,True,True,True
59a1f382-ad8e-4c5f-afa0-a4d7e9926c0d,2c415a5f7c338427f8c57939226d1145ac1b82ced0184aff1ac6bac889798041,test,True,False,True,False,True
a2289434-7d7b-4ad0-9ac7-e23911e46441,dc8ce9d94382920ec0aee603398afe63d0ca755b3a8348cb120861e03f56768d,test,True,False,True,False,True
0904e861-8aee-44ce-9568-7c4cc674fd4a,f5b524d74226c94f746141845180850f59e05444eea5c2126ce310cc42913bf9,test,True,False,False,False,False
52faabea-d911-4bde-8c14-e3fbc340f547,b802d0b584383c21641a0c8d8bd80c2b7f245512421d760f59fe6b8d3edb4a8b,test,True,False,True,False,True
ce5fa3ea-b7ce-4cb8-bd65-143b2ba745c9,85e2f19e198fac88b7be192bf4eaf347f9a6f7fe8aa52fa97004cccf474236f3,test,True,True,True,True,True
3cc40ffe-ecce-4e36-b21e-23c78a728bdb,89a282db14063bd4abcd062207b99c896075536c54340929a06b880a025c497b,test,True,False,True,False,True
3c6f4499-e657-4610-a5c2-d5acbc5e7700,471faadc35d0a023a59af1ec14c707bdb28ee27a812404d9e81e1283184696a8,test,True,False,True,False,True
0f5114ae-6971-486f-8d42-77e57058f72c,cf0c44204715b9efb752f5b602e8fc9127179344725b97ead1619bff9a5baa56,test,True,False,True,False,True
0096d320-22b9-4880-b326-3df5dc15827a,8c8164e8a2b3602bd629e0e3c85b0908f5fe7caafa486b0a526e319d4e52493c,test,True,True,True,True,True
78def0ff-6029-4749-b648-aecc96ce4a29,9ac6d3d073ebb35066bc128eceea3ee847f8ef7debe4a0a63c000197998f4219,test,True,False,True,False,True
479247ea-812c-4770-8125-aa7d3bc1c01d,5be8c3c3f247b278836b1ef4626d3397a93c0bdfc630452e71d9a4372bee7746,test,True,False,True,False,True
bd031d6b-5787-4c0a-aeec-bea4e4379b07,4ce26610e03cceaf75a32ee84e53248ca1f46dfa447aa22fb9d3844902ac390a,test,True,True,True,True,True
8ff54329-b32b-4648-9659-1f633aae8861,5e8ae229c59d073944573a2721ac8c383a663e34f4ced7610a982b9379598772,test,True,True,True,True,True
95302f07-0750-4302-ab7c-4aa4ca82759d,3087736212a0b03fc4254c89693d03d2b9f00860fb40b22b53f5677c142773a8,test,True,False,True,False,True
388dae3e-df55-49de-b6b1-d004064b9dcd,19b2b5ab98aa4b92e8858e1a2b511c78cb0ef08e50b9b6065bc02515d3de6b16,test,True,False,True,False,True
cd47e722-0fab-4367-8457-42a4ffaa3459,16e450a70d887a291e7e101afb9536198a7ecb5b148a510723a44803c4f5ca82,test,True,True,True,True,True
54305749-4e7b-42b2-9146-a8fc45478fe9,2555a866d7b3225e21199eb6c19cc4ad49d3a614a9fb1b7dd1a1201aea8b744b,test,True,True,True,True,True
8dfe24bf-d31b-4de1-bbd2-f6c8cc5eaa19,4972531db9405dfc8232b1d1bad7d6f1edc587a0a623548a8713d010550d9c79,test,True,False,True,False,True
7d7c47aa-ed2c-4bac-ab41-77ef06e8075d,a8ee73b6882ced543c3fe6b12a7ba75b5e606e64d9e78b83fe288aae872264e6,test,False,False,True,False,False
a2e29f89-0445-4548-81f0-ca90686289ad,338a56006c961dbe5b904b954c313ef931a03281c39f8beeea8a0c47a7b68b25,test,True,False,True,False,True
99a53c5f-f74f-455e-b6b4-19f93a2f3a39,d4c2e39b61f195cefceb6b484ce9f0b84f385563dad338d92d8a3d25e25249c9,test,True,False,True,False,True
3b8b57ea-7741-4d64-8ae4-c9adf4e8826b,9d7d06028005cd49cbcd9ae82be32fb574a89504e4794b4a6b6b6b6dd2eca591,test,True,False,True,False,True
677513cd-3d2f-4db5-926c-6c491474e112,61d0406623a085fcdd99691879f9459dbddcb07761307cc4d548997cb02d948a,test,True,True,True,True,True
3d26f67d-ce1b-46aa-b3c5-637ef864ead1,0ca7f13e61209121c0207dfc744976a426810e1a842bff47bbbcae7d7630c950,test,True,False,True,False,True
d2de5eb5-dbfd-4f88-b2af-9fa7ecce1da6,53a6ceeb1dbea02cbafde1cd943376731396f4e786ecae4200b1e65ed14c3e30,test,True,False,True,False,True
fe5ad07b-76bd-4aeb-951d-5e6d46ee1758,aa96ce05c66353c5e51560bf692bd0dcf3e6814e72405c460ca7490f89071dca,test,True,False,True,False,True
ca11f299-6b7a-4779-bbf7-9b2d3ad55266,1b9f5f0cba8148fc585d5476d1b72c02a8b2f72d88159cf3f888d0cb32462d16,test,True,False,True,False,True
018ff897-7e83-4b62-8186-81cdea8d9fcf,9421c892afdc5b78eb6a580f51783c293313a3c662a030d6b8fae076bd2ec928,test,True,False,True,False,True
cc463fc3-bbe1-41fb-a411-ff5081b272ee,a9c3f2879b41d53317640fc19f93b87c930f40fbe2c56ddf3d9b6a76b41bd10b,test,True,False,True,False,True
d04b5956-e194-4e81-889a-d36bbf74e344,faf95adcd85145ae64167a353b120c2c0406ea73ccd8fd243e3a7ba0bab76682,test,True,False,True,False,True
e550baed-5b47-4e05-aa0f-73dde603d901,7b0ed4ee5c2b4f7c0e480c869f882a175c9038fd18f4813b7399d77993150900,test,True,False,True,False,True
716c0602-c214-4cf4-9979-b2f9213e5466,fc5053e2a66bb435e9134cdee7b7ae7129defed789c4e1560f7eced04fa950ec,test,True,False,True,False,True
8b9931e1-8cfc-453e-aa13-44f2ee9d986a,57018c2dc426828b3f5a56d2e36e2da0fbe4f617fb7f8d20cb154b29a866169c,test,True,True,True,True,True
5ad24fb7d7d075001a428c95,aa0ebb7ef84565c5e4a854ed7d04aaf268f13587b7175964a8f168df62965920,negative,False,True,True,False,False
5ad4d4795b96ef001a10a232,808a1ba0aeda4491811ad2d0a153d72aa6bf3c84412b38e86039f141e0b2aae0,negative,False,True,True,False,False
5a551a65134fea001a0e191e,8ed73e58d5a42a50db12659aaa525dc95eb15c0ac14faa7dbc2c680e0ce1ee93,negative,False,True,True,False,False
5ad4066a604f3c001a3ffe5f,06c416930b8d4bfe4f91980b5f1b1b37df3ab2732954c17be35ce40cf091658f,negative,False,True,True,False,False
5ad0309377cf76001a686dc0,daee7345c3ec400add3b5a463d55bb987c40a844466551fd3db80fe0d103f1cc,negative,False,True,True,False,False
5ad141e1645df0001a2d1404,fef5671624a8ef137c1ba79b2fa6c04ec61de61ff41b96a4235664cdea711fe0,negative,False,True,True,False,False
5ad29b43d7d075001a429bcd,24f683ad1940d162648d0e758be6292664123b5083f89e6f4c653ef4bea99697,negative,False,True,True,False,False
5acf9b1177cf76001a685441,1eb9a6e9db6fd78129f4ab564ffd7e83589caf83d3e0b9aaea1dd90f4b1ce67d,negative,False,True,True,False,False
5a57d364770dc0001aeefdcb,2c3264ce2aee8c35dfea68095c457010a553c6682bf4bcf9f3740f25534468d7,negative,False,True,True,False,False
5a38aa28a4b263001a8c187f,2e091a024beb410fdfbe6342eb8faaf93abd565825e9556140b61f8240e30c68,negative,False,True,True,False,False
5ad21f6fd7d075001a4284a7,c849c604ffaa7f31b6e70d845ffae69e32ff3b1d02a4fca3d183cca9a8b39969,negative,False,False,False,False,False
5ad0312677cf76001a686dc8,13c73bd8df341cf87a5f42a8ff886d212fe89aed30204d04121f046342bcbf45,negative,False,True,True,False,False
5a67d87ef038b7001ab0c48d,33bee9b80e9c6c96c25ca34c649e7cf610d4c6838c24bf6debda76d66e73a7b0,negative,False,True,True,False,False
5ad4f5765b96ef001a10a7a8,d303e0f18a13c23035d879ffc0bab6115b5d82e7eb39582d25b8d46e06f61b66,negative,False,True,True,False,False
5ad55fe75b96ef001a10ad0c,4a3e408369fef9740b1c7ed981e05ebf9b0f1e8abc2e76fb8adba74455ab26c9,negative,False,True,True,False,False
5a0c7d74f5590b0018dab432,ccb79cdcaf57eb8cc06a3c4b2d1961d36dd96bd5bd7ac2bc00d81a7345776afd,negative,False,True,True,False,False
5a89117e19b91f001a626f31,b363a82f252f5dfd2838d6e1cdd0d07b0e1a9511a86e813825c3783f43f6148d,negative,False,True,True,False,False
5a83894de60761001a2eb78a,42ef2ce366f07f0e800794948a24142c20a33d3330f7c731396e94b58a2f0ed8,negative,False,True,True,False,False
5a81f84e31013a001a335008,1af1037bf7398984fe9680b34b9ae929e604e8fe481cdd689850aacf0cd26f33,negative,False,True,True,False,False
5ad0228a77cf76001a686b5a,5ddafa4a6f37be8300de44e974faab314d63707c7d06f9304ec69a3b970702f5,negative,False,True,True,False,False
5a25f6a3c93d92001a400368,467a7064a46d727f395258c6366fb3ae1d654c0b21f7570a5c36f2f3fe1ea081,negative,False,True,True,False,False
5acfee4777cf76001a68655e,62add34adfaed79a26f4d23121cc26f21a8c12c68da0e3515ccc99ba874b7c62,negative,False,True,True,False,False
5ad3c57a604f3c001a3feff4,b25a14f2be99acaabc28588e6d8ba9331500282853f0ce76983f449810dcca5d,negative,False,True,True,False,False
5ad3ae4f604f3c001a3fec48,1fbe37b94f7009007499bc7bd9d7fa220978aba217a920567dcd80836081c018,negative,False,True,True,False,False
5ad3ad61604f3c001a3fec0e,adf1bc3afa41fce3a6a3bf29d894e141be1dd46dd5ec6ea9fa522359b9c66664,negative,False,True,True,False,False
5a2c1622bfd06b001a5ae9dd,bc9cab618876f4b6c835c8a4fbf2aec3e44f1184d9ca5d3e0f2bd3c22901c586,negative,False,True,True,False,False
5a7b054521c2de001afe9cd1,4ac6908b05d981ecce606b6514aba9af0ae303f58a3d69ddc5253adbd1b9c369,negative,False,True,True,False,False
5a3e3614378766001a0024ee,fe2c4aba0cdc3977dd6b6dd49fb1fd2aff2ec4a9be95960309b92d6b9291a8b2,negative,False,True,True,False,False
5ad26103d7d075001a428fec,4813f589a62f33b9293ea9bdcb462123c50c57eecaac21e6ca6381047d82d888,negative,False,True,True,False,False
5a1c8a1eb4fb5d0018714698,30e5a84888c22e4e33bce815e73bea3e36a2a2eb888ff3a83f56e559b84fa9fc,negative,False,True,True,False,False
5a665549846392001a1e1ad5,075d847a6cbb52f82297ead497ea00fa3d7b225660819a1638b105a6924884a6,negative,False,True,True,False,False
5a63730568151a001a9222dc,8fd45d93922359e279fe4b192525813c18699df24358dc280b68b0349fd3cb43,negative,False,True,True,False,False
