case_id,article_id,bge_candidate_gold_hit32,bge_shortlist_gold_hit8,bge_lexical_hits8,bge_lexical_veto,bge_lexical_veto_with_gold8,bge_score_floor_veto,bge_score_floor_only_veto,bge_generation_called,bge_pre_generation_abstained,bge_post_generation_abstained,bge_answered,bge_english_canned_abstention,bge_primary,bge_reference_and_citation_match,bge_reference_match,bge_citation_count,bge_invalid_citations,bge_raw_fabricated_markers,bge_all_sentences_entailed,bge_checked_claims,jev_candidate_gold_hit32,jev_shortlist_gold_hit8,jev_lexical_hits8,jev_lexical_veto,jev_lexical_veto_with_gold8,jev_score_floor_veto,jev_score_floor_only_veto,jev_generation_called,jev_pre_generation_abstained,jev_post_generation_abstained,jev_answered,jev_english_canned_abstention,jev_primary,jev_reference_and_citation_match,jev_reference_match,jev_citation_count,jev_invalid_citations,jev_raw_fabricated_markers,jev_all_sentences_entailed,jev_checked_claims,paired_primary_outcome
1a8624a7-8962-4490-a8e7-fdfb48e48e5a,06c6b2bd3017ff73919086fcdcc24274f3ec5cbb164303ddf719979191b6d8f5,True,True,0,True,True,False,False,False,True,False,False,True,0.0,0.0,0.0,0,0,0,False,0,True,True,1,True,True,False,False,False,True,False,False,True,0.0,0.0,0.0,0,0,0,False,0,both_fail
34ce9907-83aa-4965-9e19-249b398a0db2,d1b4ef0852540cc89c0550ef5d23a457df9c5af5810c637197a330a97348fa0f,True,True,3,False,False,False,False,True,False,False,True,False,0.0,1.0,1.0,2,0,0,False,1,True,True,4,False,False,False,False,True,False,False,True,False,0.0,1.0,1.0,2,0,0,False,1,both_fail
56c3422f-4fa5-48c5-9cbf-17dd9ad25b27,ac7cdfdb5e8f9f42cdda2091d1cbb1787d486bc1ced79adc12d8502f5cd58436,True,True,1,True,True,False,False,False,True,False,False,True,0.0,0.0,0.0,0,0,0,False,0,True,True,3,False,False,False,False,True,False,False,True,False,0.0,1.0,1.0,1,0,0,False,1,both_fail
c28ac610-1018-4250-abb0-e5ddd71eb661,06c6b2bd3017ff73919086fcdcc24274f3ec5cbb164303ddf719979191b6d8f5,False,False,1,True,False,True,False,False,True,False,False,True,0.0,0.0,0.0,0,0,0,False,0,False,False,2,True,False,False,False,False,True,False,False,True,0.0,0.0,0.0,0,0,0,False,0,both_fail
e9d7c7e3-e4ef-4321-b2c0-d613e2ecf458,f63951fc04738076087caaaf03ed962c4818e03b8d4b842099fe9e7a2415a445,True,True,5,False,False,False,False,True,False,False,True,False,0.0,1.0,1.0,1,0,0,False,1,True,True,7,False,False,False,False,True,False,False,True,False,0.0,1.0,1.0,1,0,0,False,1,both_fail
53794f3c-6189-4a06-b395-938b0a654828,c9bec4340a7251a87d395abf114fd86132ae5cfc1535d681cd620c0a0f6a5b1d,True,True,0,True,True,False,False,False,True,False,False,True,0.0,0.0,0.0,0,0,0,False,0,True,True,0,True,True,False,False,False,True,False,False,True,0.0,0.0,0.0,0,0,0,False,0,both_fail
53e3a918-440b-4703-b04a-13c099b8a03e,8fa0448cfe676e81c83f3eb12552ab82d39484816c87cdd59c12596027f96efd,True,True,2,True,True,False,False,False,True,False,False,True,0.0,0.0,0.0,0,0,0,False,0,True,True,4,False,False,False,False,True,False,False,True,False,0.0,1.0,1.0,2,0,0,False,1,both_fail
fdaf4943-69f9-4247-811d-eafaef85a82a,ade6828052ea29c6e4c74a3a67b993f116fa61690d77c34ef6292d05bee194bf,True,True,3,False,False,False,False,True,False,False,True,False,1.0,1.0,1.0,1,0,0,True,1,True,True,3,False,False,False,False,True,False,False,True,False,1.0,1.0,1.0,1,0,0,True,1,both_pass
bf830c54-023d-4baa-8054-301ade360295,97fd4b2e07276a29389f3c437c8d9675427b227713a04b657f36bfc609982e28,False,False,2,True,False,True,False,False,True,False,False,True,0.0,0.0,0.0,0,0,0,False,0,False,False,4,False,False,False,False,True,False,False,True,False,0.0,0.0,0.0,2,0,0,False,1,both_fail
cf79d486-ccb1-4e11-9dd6-5ee3277c9502,69325ff46c217cebc59a565c9c36a655326a601a404a6d2ac4a1274ccab0e897,True,True,0,True,True,False,False,False,True,False,False,True,0.0,0.0,0.0,0,0,0,False,0,True,True,1,True,True,False,False,False,True,False,False,True,0.0,0.0,0.0,0,0,0,False,0,both_fail
f56bfe1b-09c2-44e1-9ad8-3c0c0d87958a,0898e372c6974cd22a2a55acd6230c5b605e973e0bebe57bf1415561432d9824,True,True,2,True,True,False,False,False,True,False,False,True,0.0,0.0,0.0,0,0,0,False,0,True,True,3,False,False,False,False,True,False,False,True,False,0.0,0.0,0.0,1,0,0,False,1,both_fail
1ec31623-bc36-486a-b807-d57e26b6920f,19bde4544a5bc143be32a36616e2af68128bb5bcce991e27ad5a87788cd96e10,True,True,1,True,True,False,False,False,True,False,False,True,0.0,0.0,0.0,0,0,0,False,0,True,True,2,True,True,False,False,False,True,False,False,True,0.0,0.0,0.0,0,0,0,False,0,both_fail
0ea9f796-79db-4a02-a3f1-a1623d29dfc7,58a5d0c8d4aa1556c72ea9f8f0721b52874838dbe4ab35b705575b38c179fb34,True,True,0,True,True,False,False,False,True,False,False,True,0.0,0.0,0.0,0,0,0,False,0,True,True,1,True,True,False,False,False,True,False,False,True,0.0,0.0,0.0,0,0,0,False,0,both_fail
f1cca68f-8148-44d6-99dd-b161ce0622be,4aef115bb3a2d30fa8e2e402a1f513c76cca58a16915ca11e17355440e5cb95e,True,True,4,False,False,False,False,True,False,False,True,False,0.0,1.0,1.0,1,0,0,False,1,True,True,5,False,False,False,False,True,False,False,True,False,0.0,1.0,1.0,1,0,0,False,1,both_fail
499156cb-0ab2-4bf4-81ea-71c8815d7c7c,50fb892a606c2b01061ece61f8f3783fa80ae25ea4a83658a9374fb5523c150a,True,True,0,True,True,False,False,False,True,False,False,True,0.0,0.0,0.0,0,0,0,False,0,True,True,2,True,True,False,False,False,True,False,False,True,0.0,0.0,0.0,0,0,0,False,0,both_fail
e619c557-7764-4906-9d0b-6b6883f90275,b71b8208307cb496721f4cf10e3e3678e09de9570be8a0c91b3b90e64edfe74c,True,True,3,False,False,False,False,True,False,False,True,False,1.0,1.0,1.0,1,0,0,True,1,True,True,3,False,False,False,False,True,False,False,True,False,1.0,1.0,1.0,1,0,0,True,1,both_pass
1f8684ae-ee31-49d8-a673-cdb1d3cb947e,9cb005f4464fcca39ebeffe2495ab51c147e679a557572772bcb710466ff183d,True,True,1,True,True,False,False,False,True,False,False,True,0.0,0.0,0.0,0,0,0,False,0,True,True,2,True,True,False,False,False,True,False,False,True,0.0,0.0,0.0,0,0,0,False,0,both_fail
06f91fbc-f720-43b6-8af0-c3fb1e6fa671,eb93477e90cca57a10ad8d8853b5e6dc8a80073801d125d8d0f11811cc23f0c1,False,False,2,True,False,True,False,False,True,False,False,True,0.0,0.0,0.0,0,0,0,False,0,False,False,3,False,False,False,False,True,False,False,True,False,0.0,0.0,0.0,1,0,0,False,1,both_fail
932cad6d-0782-4644-8296-0789e0bee173,06ac3a939b2d98b3d10592b18c26a731852a0e9475a730e50e20e9b4802bb507,True,True,1,True,True,False,False,False,True,False,False,True,0.0,0.0,0.0,0,0,0,False,0,True,True,1,True,True,False,False,False,True,False,False,True,0.0,0.0,0.0,0,0,0,False,0,both_fail
1c48588e-b7dd-4bb2-94aa-d573ad4b3955,eb401b5dd9caef78c25801be3e696b526ee9006518ed4c90fc83e4a828cd3a82,True,True,2,True,True,False,False,False,True,False,False,True,0.0,0.0,0.0,0,0,0,False,0,True,True,4,False,False,False,False,True,False,False,True,False,1.0,1.0,1.0,1,0,0,True,1,jev_only_pass
c8900237-ff05-4190-ab26-45e9bc9659d2,a21036df6fc1916c2075d5548eae475876238eb26a9cdba0e36c9cbea425f0c7,False,False,1,True,False,True,False,False,True,False,False,True,0.0,0.0,0.0,0,0,0,False,0,False,False,0,True,False,False,False,False,True,False,False,True,0.0,0.0,0.0,0,0,0,False,0,both_fail
3241fb14-d1f9-4427-92f7-4262357c5b29,5f3ca83388efca35557cb51c2fa8628bd0e4027399cee8c472a64c9502772cb5,True,True,2,True,True,False,False,False,True,False,False,True,0.0,0.0,0.0,0,0,0,False,0,True,True,3,False,False,False,False,True,False,False,True,False,0.0,1.0,1.0,1,0,0,False,1,both_fail
f3513e41-d120-4d5d-940a-2d26dbad1b37,2a6285b0e5a551e8a636df897db7e376cb1e268ea9b600ac0202d4eb7bdc4739,True,True,0,True,True,False,False,False,True,False,False,True,0.0,0.0,0.0,0,0,0,False,0,True,True,1,True,True,False,False,False,True,False,False,True,0.0,0.0,0.0,0,0,0,False,0,both_fail
f47aa55f-c895-4693-8ee3-22c273ea147f,e3dfe8f3ffb2abbd76e86b0e885043965bae3bd0cc2031bf860c5db234584b01,True,True,0,True,True,False,False,False,True,False,False,True,0.0,0.0,0.0,0,0,0,False,0,True,True,5,False,False,False,False,True,False,False,True,False,1.0,1.0,1.0,1,0,0,True,1,jev_only_pass
7f30aa3e-53cc-470b-a05d-3c8ed233de3a,2d8369bb8281b4d93db524c0fdda15995484ceb216e4b46f77cd2c99b73fa9d5,True,True,2,True,True,False,False,False,True,False,False,True,0.0,0.0,0.0,0,0,0,False,0,True,True,3,False,False,False,False,True,False,False,True,False,0.0,1.0,1.0,1,0,0,False,1,both_fail
bea3fda6-3e42-49a4-9125-3fd38e4a178f,81f74e9af1a598a86b5452b54d6d7eb3a08e9c943dee37f59c801db62abe101a,True,True,2,True,True,False,False,False,True,False,False,True,0.0,0.0,0.0,0,0,0,False,0,True,True,2,True,True,False,False,False,True,False,False,True,0.0,0.0,0.0,0,0,0,False,0,both_fail
79f90b73-8fe3-495c-97c0-109b67b2a290,bd7f69fec87ab49e5c89cb8b922ab036ff1f71af2c132023d2b821d91e06b5e9,True,True,3,False,False,False,False,True,False,False,True,False,0.0,0.0,1.0,1,0,0,False,1,True,True,6,False,False,False,False,True,False,False,True,False,0.0,0.0,1.0,1,0,0,False,1,both_fail
28814435-9129-4aca-a5a9-983d0144df37,9ddf2e585c95d59c189fa2574e9bba267b573e027d71481269f93ec634989412,True,True,1,True,True,False,False,False,True,False,False,True,0.0,0.0,0.0,0,0,0,False,0,True,True,3,False,False,False,False,True,False,False,True,False,0.0,0.0,0.0,1,0,0,False,1,both_fail
00dea584-3282-4e69-a122-8dab0d9a6129,32947b082405aa566b3c7da48688ee92035fac4aecfcb2d996d63af057d771a3,True,True,2,True,True,False,False,False,True,False,False,True,0.0,0.0,0.0,0,0,0,False,0,True,True,1,True,True,False,False,False,True,False,False,True,0.0,0.0,0.0,0,0,0,False,0,both_fail
3a691ca3-1bb8-42da-97ed-32ff7aa9cd73,1b866129436a42631952acb2c493ad5460555b648d9bed03308774a0efad2e97,True,True,2,True,True,False,False,False,True,False,False,True,0.0,0.0,0.0,0,0,0,False,0,True,True,3,False,False,False,False,True,False,False,True,False,0.0,1.0,1.0,1,0,0,False,1,both_fail
b17a5771-2ccc-4a87-b741-591cd0fe0283,a1e4b55a291eec84139f32d961f05cb7c04400874894bfdd4eaaf2efb6d8bf03,True,True,2,True,True,False,False,False,True,False,False,True,0.0,0.0,0.0,0,0,0,False,0,True,True,3,False,False,False,False,True,False,False,True,False,1.0,1.0,1.0,1,0,0,True,1,jev_only_pass
333116e2-d5dd-4dca-bc51-e9ced251fc79,fb066b24a924c451a8a3de3b3be7e7284e03748b2d3f9f9f0ec6d2824e4464ad,True,True,1,True,True,False,False,False,True,False,False,True,0.0,0.0,0.0,0,0,0,False,0,True,True,1,True,True,False,False,False,True,False,False,True,0.0,0.0,0.0,0,0,0,False,0,both_fail
e3d30c81-2b23-455e-984a-0339a1bc0244,40415fa9516350e36eef214ce80fca97053548705433a389576f9b66138d15bc,True,True,0,True,True,False,False,False,True,False,False,True,0.0,0.0,0.0,0,0,0,False,0,True,True,2,True,True,False,False,False,True,False,False,True,0.0,0.0,0.0,0,0,0,False,0,both_fail
73b3f0e9-1e6f-4336-964e-a81711aa9112,23b1a46eebbb7490c0651b6ea8bbf6186df315d997cb3577dcb0f96254b4daf4,True,True,0,True,True,False,False,False,True,False,False,True,0.0,0.0,0.0,0,0,0,False,0,True,True,1,True,True,False,False,False,True,False,False,True,0.0,0.0,0.0,0,0,0,False,0,both_fail
4b7993b7-ada8-46af-90df-2bbd8ff141ff,b66eba4a350780e31ce5aa459c60b64af1d4998d374769adeaf90ecabc9e1f4a,True,True,1,True,True,False,False,False,True,False,False,True,0.0,0.0,0.0,0,0,0,False,0,True,True,4,False,False,False,False,True,False,False,True,False,0.0,1.0,1.0,2,0,0,False,1,both_fail
792f7377-e323-482a-b0b3-a2096bac3bbd,e9e72c9b082cde29947df2b52684d09ace9a4b5b471692520c0935a2c9e072fd,True,True,2,True,True,False,False,False,True,False,False,True,0.0,0.0,0.0,0,0,0,False,0,True,True,4,False,False,False,False,True,False,False,True,False,1.0,1.0,1.0,1,0,0,True,1,jev_only_pass
43c54fd8-2fd5-4e06-93fb-fa018a39d4bd,65822a6d9457ab56255443380e176cf437786dfd706ac9c98449404e6fea0923,False,False,4,False,False,False,False,True,False,False,True,False,0.0,0.0,0.0,1,0,0,True,1,False,False,3,False,False,False,False,True,False,False,True,False,0.0,0.0,0.0,1,0,0,True,1,both_fail
608e696e-4148-490f-9f49-d880667a3be0,d0d005af8877ab86d16d254c295b18719647147cc5dafb1dbba4d3a6a907ddb1,False,False,1,True,False,False,False,False,True,False,False,True,0.0,0.0,0.0,0,0,0,False,0,False,False,0,True,False,False,False,False,True,False,False,True,0.0,0.0,0.0,0,0,0,False,0,both_fail
7465ed25-3ad6-4711-9662-62988a39a72a,ff2baaba3d8e3de3b76f11ef29f37b3d79fb4b514d49743ca11c0159b3ca1bfd,True,True,1,True,True,False,False,False,True,False,False,True,0.0,0.0,0.0,0,0,0,False,0,True,True,2,True,True,False,False,False,True,False,False,True,0.0,0.0,0.0,0,0,0,False,0,both_fail
8cb04579-887e-4bb2-a1b7-047a3c9000d5,a1e4b55a291eec84139f32d961f05cb7c04400874894bfdd4eaaf2efb6d8bf03,True,True,1,True,True,False,False,False,True,False,False,True,0.0,0.0,0.0,0,0,0,False,0,True,True,4,False,False,False,False,True,False,False,True,False,1.0,1.0,1.0,1,0,0,True,2,jev_only_pass
76dc8a0a-3eb2-43df-876b-8cb846f10870,b5df6f028cb20c1a85d8ffc4c8a8ccfa2f3f1f2609eeb8d9efc30fee0ecee932,True,True,2,True,True,False,False,False,True,False,False,True,0.0,0.0,0.0,0,0,0,False,0,True,True,4,False,False,False,False,True,False,False,True,False,0.0,1.0,1.0,2,0,0,False,1,both_fail
3fa7da1a-8636-4d40-9a34-5247ca297a19,06ac3a939b2d98b3d10592b18c26a731852a0e9475a730e50e20e9b4802bb507,True,True,5,False,False,False,False,True,False,False,True,False,0.0,1.0,1.0,1,0,0,False,1,True,True,7,False,False,False,False,True,False,False,True,False,0.0,1.0,1.0,1,0,0,False,1,both_fail
b270dd34-f29c-4604-a417-5a284647a3ed,37ce65b32624a9aeb28db6096cf5bf195681a1c5066c953b4131367c4a0db707,True,True,1,True,True,False,False,False,True,False,False,True,0.0,0.0,0.0,0,0,0,False,0,True,True,3,False,False,False,False,True,False,True,False,True,0.0,0.0,0.0,0,0,0,False,0,both_fail
d0337736-febe-443a-8264-b70aa02c2709,2b03dfcb79b8dbd8505c1218c7470d92f130b766b1458122757aaeb902e5437d,True,True,3,False,False,False,False,True,False,False,True,False,0.0,1.0,1.0,1,0,0,False,1,True,True,7,False,False,False,False,True,False,False,True,False,0.0,1.0,1.0,1,0,0,False,1,both_fail
21edc174-af54-4846-870d-2dc24455103e,6127866b356051ac1e55a2f143685594a3aabddd71895b36a00c0effb36f8510,True,True,3,False,False,False,False,True,False,False,True,False,1.0,1.0,1.0,1,0,0,True,1,True,True,2,True,True,False,False,False,True,False,False,True,0.0,0.0,0.0,0,0,0,False,0,bge_only_pass
dcad6eb5-f908-40c5-9541-976cbdaa7275,784b1155dbe4a5f7bd002a4f9e69fb2db08bed805ce0ea4890fc2cf0a50c3edf,True,True,5,False,False,False,False,True,False,False,True,False,0.0,1.0,1.0,1,0,0,False,1,True,True,5,False,False,False,False,True,False,False,True,False,0.0,1.0,1.0,1,0,0,False,1,both_fail
22c48882-1116-4412-8d6b-1529ec54a036,d0ed3a0d51066f5a163af3307b6c67f84e15ef606b35572f1658c6876c87d25c,True,True,0,True,True,False,False,False,True,False,False,True,0.0,0.0,0.0,0,0,0,False,0,True,True,1,True,True,False,False,False,True,False,False,True,0.0,0.0,0.0,0,0,0,False,0,both_fail
f3f79479-3270-4d5e-851c-fc60444b1bb1,edff919102349f1eb182a2c993191cae32137929e1515a3c45246b75f305d9f7,True,True,0,True,True,False,False,False,True,False,False,True,0.0,0.0,0.0,0,0,0,False,0,True,True,4,False,False,False,False,True,False,False,True,False,0.0,1.0,1.0,2,0,0,False,1,both_fail
07e34370-1616-424c-bf20-3e189e61fac6,c2ccbfe69a9e0cadc6ee808c9a16e742a884b7bf5072a1e1523522869af08fe4,True,True,1,True,True,False,False,False,True,False,False,True,0.0,0.0,0.0,0,0,0,False,0,True,True,2,True,True,False,False,False,True,False,False,True,0.0,0.0,0.0,0,0,0,False,0,both_fail
8c68ba1d-5b57-4d0c-9712-bb3c856a436f,64fd9fc8c4fa91770fec5717250eb2ca18fa03d2dc5940433191f31dde0de7b9,True,True,2,True,True,False,False,False,True,False,False,True,0.0,0.0,0.0,0,0,0,False,0,True,True,2,True,True,False,False,False,True,False,False,True,0.0,0.0,0.0,0,0,0,False,0,both_fail
80b84ad3-31f4-4066-b3f6-06d6963dea5d,654617560b8a5cea96c413440374315370502974ce496614a5bccef8cd791c3b,True,True,4,False,False,False,False,True,False,False,True,False,1.0,1.0,1.0,1,0,0,True,1,True,True,5,False,False,False,False,True,False,False,True,False,1.0,1.0,1.0,1,0,0,True,1,both_pass
2b8b601d-9404-43f5-8a6b-1b124fdaaab1,f31d86a03e2af5ed62543111a1a4ca04886260c1921474a2a00830b4c3670971,True,True,4,False,False,False,False,True,False,False,True,False,0.0,0.0,1.0,3,0,0,False,4,True,True,6,False,False,False,False,True,False,False,True,False,0.0,0.0,1.0,3,0,0,False,6,both_fail
8e63c943-04fb-4a46-b9e6-542391c46e03,6c04732d4afb70656992378798d06b2369eac7d372c88275b5be5a69ceeca8f9,True,True,0,True,True,False,False,False,True,False,False,True,0.0,0.0,0.0,0,0,0,False,0,True,True,1,True,True,False,False,False,True,False,False,True,0.0,0.0,0.0,0,0,0,False,0,both_fail
7411cf02-aafa-4e07-89c8-21038d42dc18,d7afe556f15b225c3918f7d4de621efab8a88379ac50552600fe8a9f225159a4,False,False,1,True,False,False,False,False,True,False,False,True,0.0,0.0,0.0,0,0,0,False,0,False,False,3,False,False,False,False,True,False,False,True,False,0.0,0.0,0.0,5,0,0,False,7,both_fail
6f136301-91b7-4910-abe4-42add384e6fd,c4cbbc4691d5eaa0a5d76576183bfb6729c019a57cef2b67cdee9256079397e0,True,True,1,True,True,False,False,False,True,False,False,True,0.0,0.0,0.0,0,0,0,False,0,True,True,1,True,True,False,False,False,True,False,False,True,0.0,0.0,0.0,0,0,0,False,0,both_fail
4619b8d7-2bd2-4c51-b4b2-dc05256469e2,2fe21ea5047b32227618008f45fe200cc41a922441678b6c9705f009b66cfc66,True,True,4,False,False,False,False,True,False,False,True,False,0.0,1.0,1.0,2,0,0,False,1,True,True,3,False,False,False,False,True,False,False,True,False,0.0,1.0,1.0,2,0,0,False,1,both_fail
6c2aa6b1-5226-4fd7-a319-5e330e9cb796,4f4e5f23a9f881ebd3a9218ca5032a5dba4e09af4a234ef6d5117026acce99dc,True,True,2,True,True,False,False,False,True,False,False,True,0.0,0.0,0.0,0,0,0,False,0,True,True,0,True,True,False,False,False,True,False,False,True,0.0,0.0,0.0,0,0,0,False,0,both_fail
790f7e6b-026c-4bf0-9aa8-966e2ed7e377,ddbdc0b84f28583e574ef4af10815064fc3c9fc6c8a0f5188102026800627bd1,True,True,5,False,False,False,False,True,False,False,True,False,0.0,1.0,1.0,2,0,0,False,1,True,True,7,False,False,False,False,True,False,False,True,False,0.0,1.0,1.0,2,0,0,False,1,both_fail
d720ed4f-48da-4d52-82dc-9cc2b3933fed,ad32c742334ef4be8383dd7a6200ffffacf048511457126185d211dd0ba4658a,True,True,1,True,True,False,False,False,True,False,False,True,0.0,0.0,0.0,0,0,0,False,0,True,True,1,True,True,False,False,False,True,False,False,True,0.0,0.0,0.0,0,0,0,False,0,both_fail
44c80c09-8fa4-4507-ab6c-bac456fbf70b,37b08a03e00cdc0a4a4dfd93e98b2ce0f54666f33c59a009e60bd4a77b0423e2,True,True,0,True,True,False,False,False,True,False,False,True,0.0,0.0,0.0,0,0,0,False,0,True,True,1,True,True,False,False,False,True,False,False,True,0.0,0.0,0.0,0,0,0,False,0,both_fail
7ff252f2-29c6-4df0-81aa-a2573bf4e8d6,899cc68d4ff92afe3a669746bac56bef9f910a37d8c720e939d7f4891f97f723,True,True,3,False,False,False,False,True,False,False,True,False,0.0,1.0,1.0,1,0,0,False,1,True,True,2,True,True,False,False,False,True,False,False,True,0.0,0.0,0.0,0,0,0,False,0,both_fail
2e392e54-46be-458d-83df-6329e9dfca87,bd9cae830481c5c856a1c4860d587c51cf8f174689c32fa951e4cf7f7b2f249e,True,True,3,False,False,False,False,True,False,False,True,False,0.0,1.0,1.0,1,0,0,False,3,True,True,5,False,False,False,False,True,False,False,True,False,0.0,1.0,1.0,1,0,0,False,3,both_fail
867314bf-345b-4409-97a7-173b43a33ed9,2a6285b0e5a551e8a636df897db7e376cb1e268ea9b600ac0202d4eb7bdc4739,True,True,2,True,True,False,False,False,True,False,False,True,0.0,0.0,0.0,0,0,0,False,0,True,True,2,True,True,False,False,False,True,False,False,True,0.0,0.0,0.0,0,0,0,False,0,both_fail
a6a9b6dc-2f9e-410f-a7cf-9eb817fba893,2b03dfcb79b8dbd8505c1218c7470d92f130b766b1458122757aaeb902e5437d,True,True,0,True,True,False,False,False,True,False,False,True,0.0,0.0,0.0,0,0,0,False,0,True,True,1,True,True,False,False,False,True,False,False,True,0.0,0.0,0.0,0,0,0,False,0,both_fail
d34f1658-cd8f-467c-abb2-539968d9246d,6f6132d57b35e31df1eec2602a51f33a2fe9697cdb087b7cf1c0250cb9edc9ae,True,True,3,False,False,False,False,True,False,False,True,False,0.0,0.0,0.0,1,0,0,True,1,True,True,6,False,False,False,False,True,False,False,True,False,1.0,1.0,1.0,2,0,0,True,1,jev_only_pass
8019d47c-d4cd-49b7-8edb-3239953f9f9e,c5b1cfc906aab45932aa4285d59cd8a03d8c00f77bd9fd6d8f6a328d57193803,True,True,0,True,True,False,False,False,True,False,False,True,0.0,0.0,0.0,0,0,0,False,0,True,True,1,True,True,False,False,False,True,False,False,True,0.0,0.0,0.0,0,0,0,False,0,both_fail
8d85799b-7b17-46d6-a81a-94001246deb6,0898e372c6974cd22a2a55acd6230c5b605e973e0bebe57bf1415561432d9824,True,True,0,True,True,False,False,False,True,False,False,True,0.0,0.0,0.0,0,0,0,False,0,True,True,1,True,True,False,False,False,True,False,False,True,0.0,0.0,0.0,0,0,0,False,0,both_fail
1cd1705f-7903-488f-996a-8c49f2ac4330,f2e8fc2454d3aae7df4864888e69ff557990af4a43ede7bf1f2261e0da772a9e,True,True,1,True,True,False,False,False,True,False,False,True,0.0,0.0,0.0,0,0,0,False,0,True,True,3,False,False,False,False,True,False,False,True,False,1.0,1.0,1.0,1,0,0,True,1,jev_only_pass
8bd58345-d54b-4fcf-b24a-7356177e1c02,7d537cbf9a911eb8eca6068e28dd69e90dfe0ea37360df0f1fea63932067b724,True,True,1,True,True,False,False,False,True,False,False,True,0.0,0.0,0.0,0,0,0,False,0,True,True,2,True,True,False,False,False,True,False,False,True,0.0,0.0,0.0,0,0,0,False,0,both_fail
1b889b9b-c312-4d88-bcc3-2f81866a0f5c,8c6b2aab21805557e85b50b995e93c03e47e4e4a756d282ab375a9a92386127e,False,False,3,False,False,True,True,False,True,False,False,True,0.0,0.0,0.0,0,0,0,False,0,False,False,3,False,False,False,False,True,False,False,True,False,0.0,0.0,0.0,1,0,0,False,1,both_fail
3b79dda4-946c-4037-b8ce-2496327698d4,885dac96011f382ac0090546704d2de722fc098d4eac6ce06905d34edcbb9f5b,True,True,2,True,True,False,False,False,True,False,False,True,0.0,0.0,0.0,0,0,0,False,0,True,True,3,False,False,False,False,True,False,False,True,False,0.0,1.0,1.0,2,0,0,False,1,both_fail
cb981f25-5f96-4f0a-b244-c644a834756b,1f1080945f15739cb4ca17c5245e998d438621bb22cd46818fc2447a514a5887,True,True,3,False,False,False,False,True,False,False,True,False,1.0,1.0,1.0,1,0,0,True,1,True,True,4,False,False,False,False,True,False,False,True,False,1.0,1.0,1.0,1,0,0,True,1,both_pass
5794c9f4-2661-4fa4-9bed-ab9f6e37d761,7dc8965cb7d48009d3b08c409108d97a924a8a651545a8be62363297b7882348,True,True,6,False,False,False,False,True,False,False,True,False,0.0,1.0,1.0,1,0,0,False,1,True,True,5,False,False,False,False,True,False,False,True,False,0.0,1.0,1.0,1,0,0,False,1,both_fail
0aff740c-b7f0-44ab-86b2-2664615dd9d8,6c04732d4afb70656992378798d06b2369eac7d372c88275b5be5a69ceeca8f9,True,True,1,True,True,False,False,False,True,False,False,True,0.0,0.0,0.0,0,0,0,False,0,True,True,2,True,True,False,False,False,True,False,False,True,0.0,0.0,0.0,0,0,0,False,0,both_fail
ea4c342c-4a4d-415a-9878-895719b58b9a,73d2841f3f0c47e5b83742178901f66e68bceb89cbc80d7450f6eb62b3f0fe1c,True,True,6,False,False,False,False,True,False,False,True,False,0.0,1.0,1.0,2,0,0,False,2,True,True,7,False,False,False,False,True,False,False,True,False,1.0,1.0,1.0,1,0,0,True,1,jev_only_pass
0c32cf5f-c8d2-4890-b0f8-dee999d23423,015524c6ab9f2a10927767b73abaa453f24a37c14dc1af6289e6ed72ca96a36f,True,True,2,True,True,False,False,False,True,False,False,True,0.0,0.0,0.0,0,0,0,False,0,True,True,3,False,False,False,False,True,False,False,True,False,0.0,0.0,0.0,1,0,0,True,1,both_fail
69c4b494-84b0-417f-81f2-30a79ee4a7a7,377b112c22ae6add20286fbe146eaffcfc4dd6b326f2501ae93cad75c028d86a,True,True,3,False,False,False,False,True,False,False,True,False,1.0,1.0,1.0,1,0,0,True,1,True,True,5,False,False,False,False,True,False,False,True,False,1.0,1.0,1.0,1,0,0,True,1,both_pass
de725c38-1f8f-4aac-911b-d2ad3dbb3c4e,a21036df6fc1916c2075d5548eae475876238eb26a9cdba0e36c9cbea425f0c7,True,True,3,False,False,False,False,True,False,False,True,False,0.0,0.0,0.0,2,0,0,False,1,True,True,4,False,False,False,False,True,False,False,True,False,0.0,0.0,0.0,4,0,0,False,4,both_fail
cfee59a4-2af1-4f34-934e-aa2f7c93bcc8,5e326fbe58f6aa1e8c9fac51dae1201784ff7bafb225fbe24725fb4c7bf18bc5,True,True,0,True,True,False,False,False,True,False,False,True,0.0,0.0,0.0,0,0,0,False,0,True,True,0,True,True,False,False,False,True,False,False,True,0.0,0.0,0.0,0,0,0,False,0,both_fail
5e3040ee-01c6-46bc-990c-091e3a50715a,edff919102349f1eb182a2c993191cae32137929e1515a3c45246b75f305d9f7,True,True,2,True,True,False,False,False,True,False,False,True,0.0,0.0,0.0,0,0,0,False,0,True,True,3,False,False,False,False,True,False,False,True,False,0.0,0.0,0.0,1,0,0,False,1,both_fail
cc0b9d8c-4240-461e-b436-021325aa2700,00ca0503065276b1ef7f5af5857b0bea87931d3f09bf2ffced706c3f442fe996,True,True,4,False,False,False,False,True,False,False,True,False,0.0,1.0,1.0,1,0,0,False,1,True,True,4,False,False,False,False,True,False,False,True,False,0.0,1.0,1.0,1,0,0,False,1,both_fail
b1d596ec-c060-45ce-8218-d23bf8bb4e9d,4d408d92bf0ade29f1d29b85be6e74aa90ef717e46fc813248cdb7df184cb23c,True,True,1,True,True,False,False,False,True,False,False,True,0.0,0.0,0.0,0,0,0,False,0,True,True,4,False,False,False,False,True,False,False,True,False,1.0,1.0,1.0,1,0,0,True,1,jev_only_pass
8adada00-257f-44a2-8703-79c754ff7403,fa97b6d570d20a4c7e1063b74777b49c4e58b1f2a86dca4a0ad8e683fa5d2a56,True,True,5,False,False,False,False,True,False,False,True,False,0.0,0.0,1.0,1,0,0,False,1,True,True,5,False,False,False,False,True,False,False,True,False,0.0,0.0,1.0,1,0,0,False,1,both_fail
8368b975-fb30-4573-abe5-ddaa1626f187,cd138ec3267b7adc09dd8b7d315677e9b08b00c88060840d00df4cc3b669fceb,True,True,2,True,True,False,False,False,True,False,False,True,0.0,0.0,0.0,0,0,0,False,0,True,True,2,True,True,False,False,False,True,False,False,True,0.0,0.0,0.0,0,0,0,False,0,both_fail
f2abf03e-4c46-437c-b8bf-9194a1be18c1,8ac725c1208ae3e9ef8cd16d3169700f4a8c87325aa89ef71a6a4478415f23eb,True,True,2,True,True,False,False,False,True,False,False,True,0.0,0.0,0.0,0,0,0,False,0,True,True,2,True,True,False,False,False,True,False,False,True,0.0,0.0,0.0,0,0,0,False,0,both_fail
e8d9ac95-e7e5-4e65-90ff-fe63bfd75f2c,1d05c38eee1cd429468e1a4ca8a74fac79685a10d96c5a5da0386b980b5f0dfb,False,False,3,False,False,False,False,True,False,False,True,False,0.0,0.0,0.0,1,0,0,False,1,False,False,5,False,False,False,False,True,False,True,False,True,0.0,0.0,0.0,0,0,0,False,0,both_fail
925468b7-5a1c-4fc6-acba-82837bef40a4,3fc4635d4daff4bf0094fe38724aede893ccfeefc5c14e506015f7c578adedf8,True,True,6,False,False,False,False,True,False,False,True,False,0.0,1.0,1.0,2,0,0,False,1,True,True,4,False,False,False,False,True,False,False,True,False,0.0,1.0,1.0,2,0,0,False,1,both_fail
bbd42057-c88e-4be3-aa7b-cbd244262b61,b4a24f49e62155435ccaecf3369c636a20623af9a786affafcbb554af63418ba,True,True,3,False,False,False,False,True,False,False,True,False,0.0,0.0,0.0,1,0,0,False,1,True,True,5,False,False,False,False,True,False,False,True,False,0.0,0.0,0.0,1,0,0,False,1,both_fail
ae80d311-e85b-4a52-8994-017d499fa875,3730aedabe8fd4b113f14bad0817dc44aba503c2b5456608141e367fad179df3,True,True,0,True,True,False,False,False,True,False,False,True,0.0,0.0,0.0,0,0,0,False,0,True,True,5,False,False,False,False,True,False,False,True,False,0.0,0.0,1.0,1,0,0,False,2,both_fail
03b02199-feda-41b0-a6c4-c62c5923d92e,77e4d94d46562d2c9715ac91948339a8398b8e365da8670d68d994a2eefa9112,True,True,4,False,False,False,False,True,False,False,True,False,0.0,0.0,0.0,1,0,0,False,1,True,True,5,False,False,False,False,True,False,False,True,False,0.0,0.0,0.0,1,0,0,False,1,both_fail
3be404e4-5bb9-4db5-84cd-ad2653139f78,0ecdc44675518a534df00754a8c3a0acf4b57b94f4effcba9a76c2cc43bdb77f,True,True,1,True,True,False,False,False,True,False,False,True,0.0,0.0,0.0,0,0,0,False,0,True,True,3,False,False,False,False,True,False,False,True,False,1.0,1.0,1.0,1,0,0,True,1,jev_only_pass
e57bf1df-1a47-4622-b862-8190a76601a4,f0778c58ae782d8db09bcb067815c77fcea4bea28e63c79702f1271fe9a8b400,True,True,0,True,True,False,False,False,True,False,False,True,0.0,0.0,0.0,0,0,0,False,0,True,True,3,False,False,False,False,True,False,False,True,False,1.0,1.0,1.0,1,0,0,True,1,jev_only_pass
a0098b54-1f7d-44e6-a6bc-6850906b0fac,d916635cb0c55c9b46df7b308f2e9d61eef5f909a8175eab076f5bdc9176727e,True,True,4,False,False,False,False,True,False,False,True,False,1.0,1.0,1.0,1,0,0,True,1,True,True,2,True,True,False,False,False,True,False,False,True,0.0,0.0,0.0,0,0,0,False,0,bge_only_pass
82ff8d04-59b9-47e2-8b53-7632ab65b954,6ebbe28f0667c23cff6b327f58e2b1b8ed368cd90f6f35ac22306a3201ea8a19,True,True,4,False,False,False,False,True,False,False,True,False,0.0,0.0,1.0,1,0,0,False,1,True,True,4,False,False,False,False,True,False,False,True,False,0.0,0.0,1.0,1,0,0,False,1,both_fail
6ee478ba-bce2-4fa9-bb28-a3e7c2559594,92bf41b50ab0546588d023c3be33c03f9e79b63f9d30cc41385b7fb25fe65477,True,True,3,False,False,False,False,True,False,False,True,False,1.0,1.0,1.0,1,0,0,True,1,True,True,3,False,False,False,False,True,False,False,True,False,1.0,1.0,1.0,1,0,0,True,1,both_pass
1b4269b4-d368-4fbe-b6b3-bede9ffafe4c,e3104e6081d065c0c3882a7c0a0256f0f2cf7c000969d82e812ce4734135e414,True,True,2,True,True,False,False,False,True,False,False,True,0.0,0.0,0.0,0,0,0,False,0,True,True,2,True,True,False,False,False,True,False,False,True,0.0,0.0,0.0,0,0,0,False,0,both_fail
0e17e756-999d-4e4b-967b-804afb266c9f,55031fd79d62489645d3d47a16fd2dbfb0bce4544fbcd1372302a06a67d027d4,True,True,4,False,False,False,False,True,False,False,True,False,0.0,0.0,0.0,4,0,0,False,5,True,True,3,False,False,False,False,True,False,False,True,False,0.0,0.0,0.0,4,0,0,False,4,both_fail
59d1ad0b-fbca-4b7b-a847-914f3e77a522,bb63739b605435dd7935771e7ae95bcbb92b2d7d749bee6b71e2296954fbde62,True,True,3,False,False,False,False,True,False,False,True,False,0.0,0.0,1.0,1,0,0,False,1,True,True,4,False,False,False,False,True,False,False,True,False,0.0,1.0,1.0,1,0,0,False,1,both_fail
bc8a0c43-6f20-4b2a-905d-aa051b06d639,312bd6a1f7724d06939316c916b44b7dcaa68a5b3dca12455adbf79f07a8fd9b,True,True,1,True,True,False,False,False,True,False,False,True,0.0,0.0,0.0,0,0,0,False,0,True,True,1,True,True,False,False,False,True,False,False,True,0.0,0.0,0.0,0,0,0,False,0,both_fail
82e3eb67-e1e9-475c-9f72-47673d45822b,2993aff6ff62d5d4d61aa378309d6e94098c57445d8ee35bc9d5a68952faad18,True,True,2,True,True,False,False,False,True,False,False,True,0.0,0.0,0.0,0,0,0,False,0,True,True,4,False,False,False,False,True,False,False,True,False,0.0,1.0,1.0,1,0,0,False,1,both_fail
5ca69f4a-728b-45ff-bd0a-161dfd15ac37,9f55fcf26ba817a534eafeea0370c4130c2144875dbbd4da0b8bc9f583de70db,True,True,5,False,False,False,False,True,False,False,True,False,0.0,1.0,1.0,1,0,0,False,1,True,True,3,False,False,False,False,True,False,False,True,False,0.0,1.0,1.0,1,0,0,False,1,both_fail
1015e2e0-28d1-4d56-b74e-968dd15bce0a,4578ed2e9606014d9bb1586aed4712faaf2523418ddedfeb5ec4e5b4cb40c475,True,True,5,False,False,False,False,True,False,False,True,False,1.0,1.0,1.0,1,0,0,True,1,True,True,5,False,False,False,False,True,False,False,True,False,0.0,0.0,1.0,2,0,0,False,4,bge_only_pass
0369dc06-bac3-44a1-8b71-e58910bd81f1,c53e9f0a2f1a13a07ecea8081b7532265b80db0465dae584db575829ab8a142c,True,False,3,False,False,False,False,True,False,False,True,False,0.0,0.0,0.0,1,0,0,True,1,True,True,2,True,True,False,False,False,True,False,False,True,0.0,0.0,0.0,0,0,0,False,0,both_fail
d136503b-1249-4094-8851-841e856952ec,4be716ea2f93bfe8d72a7672d8569997ab85339ab8cdf1aeb020cb70d65d98d9,True,True,1,True,True,False,False,False,True,False,False,True,0.0,0.0,0.0,0,0,0,False,0,True,True,1,True,True,False,False,False,True,False,False,True,0.0,0.0,0.0,0,0,0,False,0,both_fail
5b669d71-ce18-49c6-ab1f-6d754eb25236,c82c6225b2d1e7f7e8bf6e90157cc433117fa61b2120bfeb4608a9b80352a7cb,True,True,4,False,False,False,False,True,False,False,True,False,0.0,0.0,1.0,2,0,0,False,5,True,True,6,False,False,False,False,True,False,False,True,False,0.0,0.0,0.0,1,0,0,True,1,both_fail
ef60883e-49ec-4a28-9a7c-f9fb52f4cdf8,684d300360994f6a75c7df7f2e6667e4bb103d980be8373d27a325eba024b1f9,True,True,0,True,True,False,False,False,True,False,False,True,0.0,0.0,0.0,0,0,0,False,0,True,True,3,False,False,False,False,True,False,False,True,False,0.0,0.0,0.0,1,0,0,False,1,both_fail
276ba94d-6ba6-400f-8c58-e3466cb1d57b,6ff1244c05a2a958f7312c189a1aac2b43062bd7ef6d4253173cdd2afd58f660,True,True,1,True,True,False,False,False,True,False,False,True,0.0,0.0,0.0,0,0,0,False,0,True,True,1,True,True,False,False,False,True,False,False,True,0.0,0.0,0.0,0,0,0,False,0,both_fail
7516f6f3-6fd3-46f5-a27d-04255259a75f,acf0638519b493679e661e4de400a9c52b970a4cc4162c85a64f4b21ea0c6bea,True,True,2,True,True,False,False,False,True,False,False,True,0.0,0.0,0.0,0,0,0,False,0,True,True,2,True,True,False,False,False,True,False,False,True,0.0,0.0,0.0,0,0,0,False,0,both_fail
8edab23f-f4f8-4998-8882-2991f2f078d7,d7afe556f15b225c3918f7d4de621efab8a88379ac50552600fe8a9f225159a4,True,True,0,True,True,False,False,False,True,False,False,True,0.0,0.0,0.0,0,0,0,False,0,True,True,0,True,True,False,False,False,True,False,False,True,0.0,0.0,0.0,0,0,0,False,0,both_fail
3a30b820-1dcd-4c40-895a-aefa998b6da4,6127866b356051ac1e55a2f143685594a3aabddd71895b36a00c0effb36f8510,True,True,2,True,True,False,False,False,True,False,False,True,0.0,0.0,0.0,0,0,0,False,0,True,True,3,False,False,False,False,True,False,False,True,False,0.0,0.0,1.0,1,0,0,False,1,both_fail
3e56c13d-462e-4aed-8842-eb4119742a24,63a38bfc1326f153e9614894a70853e45d95d3572346c0c431f7a3d1a3d1dbf8,True,True,1,True,True,False,False,False,True,False,False,True,0.0,0.0,0.0,0,0,0,False,0,True,True,3,False,False,False,False,True,False,False,True,False,1.0,1.0,1.0,1,0,0,True,1,jev_only_pass
69fe2453-1fcf-45b5-a15a-48a3e103d492,3eb41dfd4999cd6ed785717a0ce2d2740fe9be0565c908ccf35c5f75b55e58a9,True,True,4,False,False,False,False,True,False,False,True,False,0.0,1.0,1.0,1,0,0,False,1,True,True,4,False,False,False,False,True,False,False,True,False,0.0,1.0,1.0,1,0,0,False,1,both_fail
130e6ec3-934f-4916-8ef5-edf28136f0d4,0be31a6e67e7247373dfcf499b9d90ab6f30a83ee3b96141f806977fde80373c,True,True,2,True,True,False,False,False,True,False,False,True,0.0,0.0,0.0,0,0,0,False,0,True,True,2,True,True,False,False,False,True,False,False,True,0.0,0.0,0.0,0,0,0,False,0,both_fail
69e62f0b-3621-4d43-841e-bea0edf3acbc,3b71eb91f3d2fae384bb1ca52465b651619d407eb03628901c119b1a0ea93e3a,True,True,0,True,True,False,False,False,True,False,False,True,0.0,0.0,0.0,0,0,0,False,0,True,True,3,False,False,False,False,True,False,False,True,False,0.0,1.0,1.0,2,0,0,False,1,both_fail
cb93ae34-249a-4115-beda-6890b2123ab8,5b6237869decd687422d3377cb81bf0ed639bc2c5d242ba630d485819152b3bf,True,True,2,True,True,False,False,False,True,False,False,True,0.0,0.0,0.0,0,0,0,False,0,True,True,7,False,False,False,False,True,False,False,True,False,0.0,1.0,1.0,1,0,0,False,1,both_fail
0e83b6ca-6f77-4d3a-b838-05a04ed30f06,e095565e15aa6da68c645a63e91cf02b4ac2ed33e920dc7c4dab2fea7c956532,True,True,4,False,False,False,False,True,False,False,True,False,0.0,0.0,1.0,1,0,0,False,3,True,True,2,True,True,False,False,False,True,False,False,True,0.0,0.0,0.0,0,0,0,False,0,both_fail
86bf85dd-c9c1-4acc-814c-bb0d86a416f1,7f5add35e8ca5e0d6738ed1c29353e789e19f6feb9ec84136961cb62467686c1,True,True,3,False,False,True,True,False,True,False,False,True,0.0,0.0,0.0,0,0,0,False,0,True,True,3,False,False,False,False,True,False,False,True,False,0.0,1.0,1.0,1,0,0,False,1,both_fail
88a06867-6d48-43db-9913-15e2d1e12e36,9e03fc321c4600c9fafa56a1f66b92f16c2d6bc016e4dfe49aaac8fc82fc8a25,True,True,0,True,True,False,False,False,True,False,False,True,0.0,0.0,0.0,0,0,0,False,0,True,True,1,True,True,False,False,False,True,False,False,True,0.0,0.0,0.0,0,0,0,False,0,both_fail
58961cf2-f3bb-4cfa-abb0-533d52602297,9f55fcf26ba817a534eafeea0370c4130c2144875dbbd4da0b8bc9f583de70db,True,True,3,False,False,False,False,True,False,False,True,False,1.0,1.0,1.0,1,0,0,True,1,True,True,5,False,False,False,False,True,False,False,True,False,1.0,1.0,1.0,1,0,0,True,1,both_pass
1bda8825-7f38-4475-bc1b-c2255564ce60,df150490b14501e6130cae31c8ad4bf93764ddbb2ba67f6490e6072dcc7238a2,True,True,2,True,True,False,False,False,True,False,False,True,0.0,0.0,0.0,0,0,0,False,0,True,True,2,True,True,False,False,False,True,False,False,True,0.0,0.0,0.0,0,0,0,False,0,both_fail
87b5c692-d351-44a6-8656-c527c8c04992,0cef43bcca26c2be5b9af47119998f7ab5c54a2dee865440d4be619f25907230,True,True,4,False,False,False,False,True,False,True,False,True,0.0,0.0,0.0,0,0,0,False,0,True,True,4,False,False,False,False,True,False,False,True,False,0.0,1.0,1.0,1,0,0,False,1,both_fail
0ad97d9a-5af5-4ba3-9411-80b1709c6325,7341dc2e165c2fc70adae0e78f19b5f8e8c77cc565d2ba736dbdd734dfe5ec41,True,True,2,True,True,False,False,False,True,False,False,True,0.0,0.0,0.0,0,0,0,False,0,True,True,3,False,False,False,False,True,False,False,True,False,1.0,1.0,1.0,1,0,0,True,1,jev_only_pass
ad5fef8c-ad09-4d87-b3af-f29d45aa3d35,e587f10ea29707f291bc6fe0e4bf5be73e449502fc230a7c23fe8f79044d3471,True,False,1,True,False,True,False,False,True,False,False,True,0.0,0.0,0.0,0,0,0,False,0,True,False,1,True,False,False,False,False,True,False,False,True,0.0,0.0,0.0,0,0,0,False,0,both_fail
e4a72d03-65bd-48aa-9849-816d12da2e05,19bde4544a5bc143be32a36616e2af68128bb5bcce991e27ad5a87788cd96e10,True,True,2,True,True,False,False,False,True,False,False,True,0.0,0.0,0.0,0,0,0,False,0,True,True,5,False,False,False,False,True,False,False,True,False,0.0,0.0,0.0,1,0,0,True,2,both_fail
61ab1978-6bba-4e3f-b552-b321180811bd,806d818c3b4b4d5ee92545b61cf99fcd8a0ca351a3887bad8773df2ee7abcfe1,True,True,2,True,True,False,False,False,True,False,False,True,0.0,0.0,0.0,0,0,0,False,0,True,True,4,False,False,False,False,True,False,False,True,False,0.0,0.0,0.0,5,0,0,False,5,both_fail
bdf77f79-524f-4d14-9e7d-6468e1a6d42b,c614c632a95ceb111b768b393c1355773f82eddad41415a98bd62a0f99d6d1a1,False,False,1,True,False,True,False,False,True,False,False,True,0.0,0.0,0.0,0,0,0,False,0,False,False,2,True,False,False,False,False,True,False,False,True,0.0,0.0,0.0,0,0,0,False,0,both_fail
6c06ec5e-590d-4d51-bc73-fb568da1d98d,92bf41b50ab0546588d023c3be33c03f9e79b63f9d30cc41385b7fb25fe65477,True,True,1,True,True,False,False,False,True,False,False,True,0.0,0.0,0.0,0,0,0,False,0,True,True,1,True,True,False,False,False,True,False,False,True,0.0,0.0,0.0,0,0,0,False,0,both_fail
6de8d512-fb1c-4eec-8cc4-b37ca907af60,0d945721f5077ac7f2baf753c9a3c594dc2146e8701fc58daff2ca6d10b4f800,True,True,3,False,False,False,False,True,False,False,True,False,0.0,0.0,0.0,1,0,0,False,1,True,True,3,False,False,False,False,True,False,False,True,False,0.0,0.0,0.0,1,0,0,False,1,both_fail
